examples;
There is a fire alarm going off at node_14.;
There is a power outage at node_3;
There is a radiation leak at node_11.;
An infectious disease outbreak was identified at node_4.;
There is a big medical conference being held at node_10.;
There is a funeral service being held at node_9.;
There is equipment malfunction at node_2.;
There is an employee protest at node_6.;
There is a simulation exercise to test emergency response going on at node_10.;
A government official is visiting node_8.;
